patient_id,true_progression,true_response,predicted_progression_risk,predicted_response_prob
P000,0,1,0.5866666666666667,0.68
P001,1,0,0.7533333333333333,0.5133333333333333
P002,1,0,0.76,0.5066666666666667
P003,1,0,0.6866666666666666,0.5066666666666667
P004,0,1,0.5866666666666667,0.68
P005,1,1,0.58,0.72
P006,0,1,0.54,0.7266666666666667
P007,1,0,0.74,0.5266666666666666
P008,1,0,0.7666666666666667,0.5133333333333333
P009,1,0,0.7533333333333333,0.5066666666666667
P010,0,1,0.5466666666666666,0.6533333333333333
P011,1,0,0.7533333333333333,0.5
P012,1,0,0.7666666666666667,0.5266666666666666
P013,0,0,0.5933333333333334,0.58
P014,0,1,0.6133333333333333,0.6733333333333333
P015,0,1,0.62,0.6733333333333333
P016,0,1,0.6133333333333333,0.6933333333333334
P017,1,1,0.6333333333333333,0.6666666666666666
P018,0,1,0.5933333333333334,0.6866666666666666
P019,0,0,0.6066666666666667,0.68
P020,1,0,0.6666666666666666,0.5133333333333333
P021,1,1,0.6133333333333333,0.6666666666666666
P022,0,1,0.6266666666666667,0.6666666666666666
P023,0,0,0.58,0.64
P024,0,0,0.58,0.6533333333333333
P025,1,0,0.7666666666666667,0.5133333333333333
P026,1,1,0.62,0.7333333333333333
P027,1,1,0.6533333333333333,0.6733333333333333
P028,0,0,0.6933333333333334,0.5266666666666666
P029,1,1,0.6466666666666666,0.6733333333333333
P030,1,0,0.7466666666666667,0.5533333333333333
P031,0,1,0.58,0.72
P032,0,0,0.5866666666666667,0.6666666666666666
P033,1,0,0.7333333333333333,0.54
P034,1,0,0.7533333333333333,0.5
P035,1,1,0.76,0.5466666666666666
P036,0,1,0.6066666666666667,0.68
P037,0,1,0.6333333333333333,0.6733333333333333
P038,0,0,0.7666666666666667,0.5133333333333333
P039,1,1,0.6266666666666667,0.6666666666666666
P040,0,1,0.64,0.6666666666666666
P041,0,1,0.64,0.66
P042,1,1,0.5933333333333334,0.6733333333333333
P043,1,0,0.7333333333333333,0.5133333333333333
P044,1,1,0.6,0.64
P045,1,0,0.7666666666666667,0.5266666666666666
P046,1,1,0.58,0.68
P047,0,1,0.6333333333333333,0.72
P048,0,1,0.6133333333333333,0.6733333333333333
P049,0,1,0.6,0.7066666666666667
P050,1,0,0.7733333333333333,0.5066666666666667
P051,1,0,0.7466666666666667,0.5266666666666666
P052,1,0,0.6466666666666666,0.54
P053,1,0,0.7533333333333333,0.5333333333333333
P054,1,0,0.76,0.5
P055,1,0,0.7266666666666667,0.5133333333333333
P056,0,1,0.6,0.7133333333333334
P057,1,1,0.6466666666666666,0.6733333333333333
P058,0,1,0.6266666666666667,0.6733333333333333
P059,0,0,0.6133333333333333,0.6066666666666667
P060,0,1,0.64,0.68
P061,0,1,0.66,0.6733333333333333
P062,1,0,0.6666666666666666,0.48
P063,0,1,0.56,0.6866666666666666
P064,0,1,0.5866666666666667,0.6666666666666666
P065,0,1,0.5866666666666667,0.68
P066,0,0,0.5733333333333334,0.62
P067,1,0,0.7466666666666667,0.5066666666666667
P068,0,1,0.6266666666666667,0.6666666666666666
P069,1,0,0.7733333333333333,0.52
P070,1,0,0.7533333333333333,0.52
P071,0,1,0.6266666666666667,0.7133333333333334
P072,0,0,0.58,0.62
P073,1,0,0.7266666666666667,0.52
P074,1,0,0.6666666666666666,0.5133333333333333
P075,1,0,0.7533333333333333,0.5
P076,1,1,0.78,0.5133333333333333
P077,0,1,0.5866666666666667,0.72
P078,0,1,0.5933333333333334,0.6333333333333333
P079,1,1,0.6466666666666666,0.6933333333333334
P080,1,0,0.7866666666666666,0.5066666666666667
P081,1,0,0.7466666666666667,0.5066666666666667
P082,0,1,0.62,0.6466666666666666
P083,0,1,0.62,0.66
P084,0,0,0.6,0.6933333333333334
P085,0,1,0.6466666666666666,0.7066666666666667
P086,1,0,0.6733333333333333,0.5133333333333333
P087,1,0,0.7466666666666667,0.5066666666666667
P088,1,1,0.72,0.52
P089,0,1,0.62,0.6933333333333334
P090,0,1,0.6133333333333333,0.62
P091,1,0,0.76,0.52
P092,0,0,0.66,0.5
P093,1,0,0.7266666666666667,0.5
P094,1,0,0.76,0.5133333333333333
P095,1,0,0.62,0.68
P096,0,1,0.5266666666666666,0.6933333333333334
P097,1,1,0.6733333333333333,0.6733333333333333
P098,0,1,0.66,0.6333333333333333
P099,0,1,0.6266666666666667,0.6666666666666666
P100,1,1,0.62,0.6666666666666666
P101,1,0,0.7733333333333333,0.52
P102,0,1,0.6466666666666666,0.6666666666666666
P103,0,1,0.5933333333333334,0.72
P104,1,0,0.7533333333333333,0.54
P105,1,1,0.6,0.7133333333333334
P106,0,1,0.6266666666666667,0.6133333333333333
P107,1,0,0.7666666666666667,0.5133333333333333
P108,0,1,0.6533333333333333,0.6733333333333333
P109,0,1,0.64,0.68
P110,0,1,0.6333333333333333,0.6666666666666666
P111,1,0,0.5866666666666667,0.6733333333333333
P112,1,0,0.7666666666666667,0.52
P113,1,0,0.7733333333333333,0.5
P114,1,0,0.66,0.5266666666666666
P115,1,0,0.76,0.5333333333333333
P116,1,0,0.76,0.52
P117,0,1,0.64,0.64
P118,1,0,0.7666666666666667,0.52
P119,0,1,0.5933333333333334,0.68
P120,0,0,0.66,0.5
P121,1,0,0.7333333333333333,0.5133333333333333
P122,0,1,0.6466666666666666,0.6733333333333333
P123,0,1,0.5733333333333334,0.7266666666666667
P124,0,1,0.62,0.6666666666666666
P125,0,1,0.62,0.6866666666666666
P126,1,0,0.7333333333333333,0.5066666666666667
P127,1,0,0.7733333333333333,0.5066666666666667
P128,0,1,0.62,0.64
P129,0,1,0.6,0.68
P130,1,1,0.5533333333333333,0.5333333333333333
P131,0,0,0.5933333333333334,0.6466666666666666
P132,0,1,0.5533333333333333,0.7
P133,0,0,0.62,0.6066666666666667
P134,1,0,0.6933333333333334,0.5266666666666666
P135,0,1,0.5533333333333333,0.72
P136,0,0,0.6266666666666667,0.6666666666666666
P137,1,0,0.7666666666666667,0.52
P138,0,1,0.6266666666666667,0.64
P139,1,0,0.72,0.5333333333333333
P140,1,0,0.7266666666666667,0.5
P141,0,1,0.6266666666666667,0.7066666666666667
P142,0,1,0.5666666666666667,0.6733333333333333
P143,0,1,0.6133333333333333,0.7133333333333334
P144,0,0,0.54,0.6933333333333334
P145,0,1,0.6533333333333333,0.68
P146,1,0,0.6333333333333333,0.5066666666666667
P147,0,1,0.58,0.6466666666666666
P148,0,1,0.6,0.72
P149,0,1,0.6466666666666666,0.6733333333333333
P150,1,0,0.7333333333333333,0.52
P151,0,1,0.6066666666666667,0.6933333333333334
P152,0,1,0.5866666666666667,0.7
P153,0,0,0.64,0.68
P154,1,0,0.6466666666666666,0.52
P155,0,0,0.62,0.6933333333333334
P156,0,0,0.68,0.52
P157,1,0,0.6866666666666666,0.5133333333333333
P158,0,1,0.5466666666666666,0.7266666666666667
P159,1,0,0.76,0.52
P160,1,1,0.6066666666666667,0.6666666666666666
P161,1,0,0.66,0.5333333333333333
P162,1,0,0.76,0.5066666666666667
P163,0,1,0.6133333333333333,0.6666666666666666
P164,0,1,0.6066666666666667,0.68
P165,1,0,0.7533333333333333,0.5066666666666667
P166,0,1,0.62,0.7066666666666667
P167,0,1,0.6266666666666667,0.7066666666666667
P168,0,1,0.5733333333333334,0.7333333333333333
P169,1,0,0.6533333333333333,0.5133333333333333
P170,1,0,0.72,0.5133333333333333
P171,1,1,0.66,0.62
P172,0,1,0.62,0.68
P173,0,1,0.6066666666666667,0.66
P174,1,0,0.7666666666666667,0.52
P175,1,0,0.62,0.6133333333333333
P176,1,0,0.6733333333333333,0.48
P177,0,0,0.5866666666666667,0.62
P178,1,0,0.7533333333333333,0.52
P179,0,1,0.6133333333333333,0.6666666666666666
P180,0,1,0.5666666666666667,0.68
P181,0,1,0.5866666666666667,0.6933333333333334
P182,0,0,0.6666666666666666,0.5266666666666666
P183,1,0,0.7533333333333333,0.5266666666666666
P184,0,0,0.5266666666666666,0.6466666666666666
P185,0,0,0.64,0.5133333333333333
P186,1,0,0.7733333333333333,0.5
P187,1,0,0.6866666666666666,0.5333333333333333
P188,0,0,0.6,0.68
P189,0,0,0.5933333333333334,0.64
P190,0,1,0.5933333333333334,0.7133333333333334
P191,1,0,0.6666666666666666,0.52
P192,1,0,0.7733333333333333,0.5066666666666667
P193,1,0,0.78,0.5
P194,0,1,0.6266666666666667,0.6733333333333333
P195,0,1,0.5666666666666667,0.6666666666666666
P196,1,0,0.7266666666666667,0.48
P197,1,0,0.7066666666666667,0.54
P198,0,0,0.7466666666666667,0.5333333333333333
P199,1,0,0.7466666666666667,0.52
P200,0,0,0.68,0.5
P201,0,1,0.5666666666666667,0.6666666666666666
P202,0,1,0.56,0.6933333333333334
P203,0,0,0.6666666666666666,0.54
P204,1,0,0.68,0.5133333333333333
P205,0,1,0.6133333333333333,0.6533333333333333
P206,0,1,0.6,0.6333333333333333
P207,1,0,0.7333333333333333,0.5
P208,0,1,0.6466666666666666,0.6866666666666666
P209,0,1,0.5933333333333334,0.7066666666666667
P210,0,1,0.5733333333333334,0.6933333333333334
P211,1,1,0.7266666666666667,0.5266666666666666
P212,1,0,0.7733333333333333,0.5
P213,0,1,0.6,0.6733333333333333
P214,1,0,0.76,0.5133333333333333
P215,0,1,0.6066666666666667,0.7066666666666667
P216,0,1,0.6133333333333333,0.66
P217,1,0,0.76,0.5133333333333333
P218,1,0,0.7333333333333333,0.52
P219,1,0,0.76,0.54
P220,1,0,0.7666666666666667,0.5133333333333333
P221,1,0,0.6733333333333333,0.49333333333333335
P222,1,1,0.66,0.6266666666666667
P223,0,1,0.6,0.6733333333333333
P224,0,1,0.6266666666666667,0.6866666666666666
P225,1,1,0.6333333333333333,0.6666666666666666
P226,0,0,0.7266666666666667,0.5266666666666666
P227,0,1,0.56,0.68
P228,1,0,0.6466666666666666,0.5133333333333333
P229,1,0,0.7133333333333334,0.52
P230,1,0,0.7533333333333333,0.5333333333333333
P231,0,1,0.5866666666666667,0.68
P232,1,0,0.68,0.52
P233,0,1,0.6533333333333333,0.7066666666666667
P234,0,1,0.6533333333333333,0.66
P235,1,0,0.7533333333333333,0.5133333333333333
P236,0,1,0.6,0.6666666666666666
P237,0,1,0.6,0.7066666666666667
P238,1,0,0.68,0.5
P239,0,1,0.5933333333333334,0.7066666666666667
P240,1,0,0.6866666666666666,0.52
P241,1,0,0.7333333333333333,0.5066666666666667
P242,0,1,0.68,0.5
P243,1,1,0.64,0.6533333333333333
P244,0,1,0.6066666666666667,0.6733333333333333
P245,1,0,0.7733333333333333,0.5066666666666667
P246,0,1,0.56,0.6933333333333334
P247,1,0,0.6466666666666666,0.5066666666666667
P248,0,0,0.6533333333333333,0.5266666666666666
P249,1,0,0.7866666666666666,0.5066666666666667
P250,0,1,0.6,0.6666666666666666
P251,1,1,0.62,0.7133333333333334
P252,1,0,0.76,0.5333333333333333
P253,0,1,0.5866666666666667,0.7133333333333334
P254,0,1,0.5933333333333334,0.66
P255,1,0,0.74,0.5133333333333333
P256,1,1,0.7466666666666667,0.5
P257,1,0,0.7133333333333334,0.5066666666666667
P258,1,0,0.7466666666666667,0.5266666666666666
P259,0,1,0.58,0.72
P260,1,0,0.6733333333333333,0.52
P261,1,0,0.76,0.5066666666666667
P262,0,1,0.58,0.7133333333333334
P263,0,1,0.6066666666666667,0.6866666666666666
P264,1,0,0.7266666666666667,0.54
P265,1,0,0.7333333333333333,0.5266666666666666
P266,1,0,0.7466666666666667,0.52
P267,1,0,0.7666666666666667,0.5133333333333333
P268,0,1,0.62,0.7133333333333334
P269,0,1,0.5866666666666667,0.6933333333333334
P270,1,0,0.7666666666666667,0.52
P271,1,1,0.7333333333333333,0.56
P272,1,0,0.7666666666666667,0.5333333333333333
P273,1,0,0.78,0.52
P274,0,1,0.6133333333333333,0.7266666666666667
P275,0,1,0.58,0.7133333333333334
P276,1,0,0.6666666666666666,0.5133333333333333
P277,1,0,0.72,0.5133333333333333
P278,1,0,0.7533333333333333,0.5066666666666667
P279,0,0,0.6733333333333333,0.5333333333333333
P280,1,0,0.7533333333333333,0.5066666666666667
P281,0,1,0.6333333333333333,0.6266666666666667
P282,0,1,0.6266666666666667,0.68
P283,1,1,0.6866666666666666,0.7133333333333334
P284,1,0,0.6866666666666666,0.5333333333333333
P285,0,1,0.5466666666666666,0.7133333333333334
P286,0,1,0.62,0.6866666666666666
P287,1,0,0.5733333333333334,0.62
P288,0,1,0.5666666666666667,0.6666666666666666
P289,1,0,0.7733333333333333,0.5133333333333333
P290,0,1,0.5933333333333334,0.68
P291,1,1,0.5866666666666667,0.7133333333333334
P292,1,0,0.7733333333333333,0.5133333333333333
P293,0,1,0.6,0.6866666666666666
P294,0,1,0.58,0.68
P295,0,1,0.6266666666666667,0.5933333333333334
P296,1,0,0.7266666666666667,0.5066666666666667
P297,0,1,0.54,0.7133333333333334
P298,1,1,0.7933333333333333,0.5066666666666667
P299,1,1,0.5666666666666667,0.6533333333333333
